{
  "opposition": {
    "category": "ambient",
    "sounds": [
      {
        "name": "opposition",
        "stream": true,
        "volume": 0.6,
        "pitch": 1.0
      }
    ]
  },

  "milk": {
    "category": "ambient",
    "sounds": [
      {
        "name": "milk",
        "stream": true,
        "volume": 0.6,
        "pitch": 1.0
      }
    ]
  },

  "breakcore": {
    "category": "ambient",
    "sounds": [
      {
        "name": "breakcore",
        "stream": true,
        "volume": 0.6,
        "pitch": 1.0
      }
    ]
  },

  "opposition_old": {
    "category": "ambient",
    "sounds": [
      {
        "name": "opposition_old",
        "stream": true,
        "volume": 0.6,
        "pitch": 1.0
      }
    ]
  },
  
  "fog": {
    "category": "master",
    "sounds": [
      {
        "name": "fog"
        "stream": true,
        "volume": 1.0
        "pitch": 0.9
      }
    ]
  },
  "health20": {
    "category": "master",
    "sounds": [
      { 
        "name": "fog"
        "stream": true
        "volume": 1.2
        "pitch" : 1.2
      }
    ]
  }
}