{
  "opposition": {
    "category": "ambient",
    "sounds": [
      {
        "name": "opposition",
        "stream": true,
        "volume": 0.6,
        "pitch": 1.0
      }
    ]
  },

  "milk": {
    "category": "ambient",
    "sounds": [
      {
        "name": "milk",
        "stream": true,
        "volume": 0.6,
        "pitch": 1.0
      }
    ]
  },

  "breakcore": {
    "category": "ambient",
    "sounds": [
      {
        "name": "breakcore",
        "stream": true,
        "volume": 0.6,
        "pitch": 1.0
      }
    ]
  }
}

